Lead_I,Lead_II
-0.012637069879399228,-0.0360063003997288
-0.025128512434245333,0.003359983544639606
0.01784243294737085,-0.004747209490812445
-0.013981040487276815,0.023252091670057665
0.013133155575045184,0.009960073468993125
0.018649192060085973,-0.011408156475251618
0.0037522879519877733,0.00833868145462387
0.04323130862705915,0.05354117025941253
0.0007011007608948184,0.030888858353264763
0.0364957286020993,0.03140755367879694
0.040926307690701935,0.037540065347777964
0.02414254496429631,0.013505590573836844
0.01572961559871709,0.04325093856908256
0.07089669654835476,0.10938785737899823
0.06075682013985141,0.06312255253625429
0.06078785066106467,0.08914219686011635
0.07154911658032485,0.09347371096433434
0.08569950564660937,0.07854681013760768
0.08070517601513652,0.1109375902555928
0.08292631118864716,0.11895082846006062
0.09325781345401818,0.09278621415439728
0.09109099703852735,0.07804377579240607
0.07361289528605273,0.10011088932505041
0.06998802790418408,0.07879806339440512
0.04887217803146435,0.10351930938851302
0.07525111792299481,0.09562160253405622
0.06684299774537687,0.09805129849971837
0.05756023736063957,0.09922389939965519
0.05618259348887224,0.08836581899801374
0.06726215907320164,0.06053265712716491
0.06826508905519528,0.043836886817417015
0.060486306834236586,0.06462330758652605
0.050996889334795695,0.06767316190414642
0.0665646418791224,0.0757168425148762
0.01774452332290338,-0.00993921950771582
0.004007241164866476,0.03647354100540277
0.027820578869040147,0.027893973112129593
0.03756636905895162,0.021288255428118553
8.856560251460852e-05,-0.0021555705105844496
-0.02739986582303999,-0.007714450013218394
0.01011883804154532,-0.015738510342887167
-0.03385853755842545,-0.03495847153963094
-0.020478536973154673,-0.09568138315072271
-0.07293253508532097,-0.0831481132492832
-0.0759283937027065,-0.11462433951078149
-0.09059266473604909,-0.1129237130142156
-0.060469698308442656,-0.0788054700990597
-0.06422984379277523,-0.05948774652935933
-0.04744913641193782,-0.005465881691533413
0.006312037972634151,-0.007127346920241454
0.05639917363511002,0.03424547829091687
0.10844930041904324,0.12864649571928635
0.18669576558031642,0.2073695245790941
0.2568479555439651,0.30674617064705334
0.28378275883918846,0.3590546838225317
0.32406378360397636,0.41711107622885657
0.3658862655081708,0.4522585347708947
0.3331666701657369,0.3358230372264582
0.20525241567556574,0.31777059424693455
0.1288514572693182,0.12947760504277878
-0.0652086321761912,-0.06389894250588903
-0.22192936122090876,-0.2925175940634656
-0.45819082622671525,-0.551144360959054
-0.6447842883288054,-0.8422002577655893
-0.8718773375495268,-1.0579865178828893
-0.9898025889736461,-1.2378669129099662
-1.088750348345642,-1.3344763843554215
-1.079491408297416,-1.3552230330157224
-1.0201055360019498,-1.2883925795670446
-0.8757285191324189,-1.0879206444326606
-0.6449186079825326,-0.8200875012754721
-0.3516684412549639,-0.42348396905795543
-0.03709275477088803,-0.0524015719813207
0.2578726827699706,0.3094389259653373
0.5125054095347512,0.66943641051524
0.7430562724825396,0.9806878032961233
0.8987696394079786,1.1567437753480978
0.976637413215729,1.2352850249220764
0.9465632043066363,1.1923921785042626
0.8821386255477045,1.0958769531094263
0.7237777277529056,0.8813187623545629
0.5031702099601585,0.6689015649926431
0.32604546915581667,0.3479287699254876
0.048060381478258384,0.09114430494746847
-0.1088762316470294,-0.10148339243903569
-0.31802279539356004,-0.32432086368266844
-0.3957989720246243,-0.5147751779384777
-0.505254032304897,-0.5884173575164368
-0.5156999863947495,-0.638784129184743
-0.5189094083745586,-0.5980754333945574
-0.47106526418580474,-0.5992765886868459
-0.42667746337156,-0.5112588994276692
-0.3523341785909941,-0.46715772501628994
-0.3129632325109889,-0.3396854419522068
-0.23485954735296122,-0.2744103301811002
-0.18154895762107182,-0.23303432826531803
-0.1285154659652036,-0.1657739416275067
-0.09382656085100037,-0.13474580049241724
-0.09528450816702129,-0.09753512866385851
-0.07783878764557389,-0.08249983642401754
-0.06876319675746362,-0.11099358351883598
-0.040842398239545594,-0.1021263563139452
-0.08537415527461134,-0.13369118356283394
-0.08745339427195531,-0.13308383448746888
-0.11047832479017333,-0.12830385214084908
-0.11040963223124917,-0.1117826532805633
-0.11950313224150957,-0.1252996440253749
-0.11271422853754663,-0.12158349510459204
-0.0829292014022236,-0.10588111343701366
-0.10115176943438081,-0.10391495788924035
-0.0801665508127094,-0.10704254384425622
-0.08479957183957428,-0.09453301353053659
-0.07387571041126134,-0.0849633408577068
-0.05208587363631517,-0.05957747953899888
-0.07103779336503081,-0.06361194608624049
-0.04017790508228643,-0.05684661725283686
-0.03561536621446575,-0.03814562365841914
-0.06002771214829449,-0.020975029427782725
-0.029434599066476125,-0.008490723033627516
0.011617182129361026,-0.014479259882403287
-0.03041015895521945,-0.03548621664985064
0.005979178690332614,0.03504299119491135
0.01584864141950902,0.018559798286359706
0.04114533702059712,0.047359105782597666
0.03138079128582401,-0.03166041020327066
0.05223636537269227,0.037545421438284196
0.052804808582152044,0.04052161639742676
0.07828931068548443,0.07750616656430387
0.02746526856454767,0.08941739743904696
0.066596372802692,0.08727578847363515
0.0498179227082336,0.09386048281797996
0.08026322661395191,0.08573811000360376
0.08243103651294242,0.062462444511570105
0.07008883609629882,0.07957010061107182
0.06909484888242365,0.1213521924809288
0.09077319772045901,0.12125945494265773
0.05614004057346769,0.09212731497698191
0.075172600879725,0.10917886346500454
0.1261663051696655,0.1207550009724307
0.09727930934355315,0.09766827883788388
0.11649141269805943,0.1155218138219066
0.10440314375979937,0.10168068664115616
0.09287895546374092,0.11952878449586953
0.08644540994789544,0.12789106485118426
0.08429137889599443,0.11310756584085224
0.07785317618690527,0.09444535256027518
0.08674209601159709,0.12416639360114057
0.07373630742540759,0.10336947305388251
0.07699790890590412,0.11781048227210754
0.07164898370521265,0.12095685679488255
0.1275008101332732,0.13536870885275717
0.07381352527509595,0.09615191856732397
0.11107089942494552,0.06771943324116111
0.07743756019398146,0.07942199198784824
0.08258878393036982,0.06890233785574124
0.0617656789456755,0.08243990132983779
0.05319430043817563,0.08898134485727273
0.060508485971663285,0.07711624810311862
0.05242783832577377,0.06380066596026795
0.037076237405253586,0.05349395786472801
0.07253868015933819,0.09672988419256204
0.05602474512281989,0.055176495541173626
0.025313042269969596,0.012207059758296938
0.03675395425265653,0.07732583752757863
0.019387165117142544,0.05779840284685503
0.06395440387083302,0.0371845472548787
0.028132662933087887,0.05629464871372224
0.022548253618221215,0.04801478086268931
0.03746227408490377,0.025943695931698527
0.039667529527692626,0.017412717664923107
0.01692716022692763,0.04328691035770255
0.01843753475733509,-0.012279988102066354
-0.011521098660055906,-0.007057297804964703
0.007562919726167939,0.006266981301999553
0.007365038393936841,-0.016918953116545087
0.014958995874667147,-0.013480137865759488
0.011467963975263893,-0.013592497007544623
-0.004374078997035772,0.02208718596605288
-0.008646528769509923,-0.005681197541094461
-0.001352682214644194,0.0003387710551216621
-0.008020388426640414,-0.04153418366223088
-0.017725144039314005,-0.008059010287435622
0.0170801082346098,0.011398763761160495
-0.007494778995937525,-0.019133401668315213
0.015373414643198519,0.04948388692179167
-0.004304169074163192,-0.007409092195511393
-0.008327099397846831,0.004768245441217234
-0.022601039258193352,0.023313828154760824
-0.010050056291118867,-0.026290453991222623
-0.026544821771039503,-0.030682182757373427
-0.03424224774137183,-0.01054989232954502
-0.01718283200739748,0.02722528111644439
0.002907692248833687,-0.0442427132333549
-0.006744012124524336,-0.022446618213246075
-0.007283776306057971,-0.008341380554977938
0.025251152757477968,0.029256358063059054
0.009563512009781366,-0.02164249611295229
0.004861506631245656,0.009199020270113682
0.005659770694825908,0.0024325093357266524
0.006056738742021475,0.020105462338504042
0.019753310554139036,-0.011841519114708304
-0.017671621355164275,0.0350478787855379
-0.014736915862365694,0.008051335912153106
-0.01776470193706147,-0.021688616403241365
0.01725153751227646,-0.015473382572499255
-0.015468237696171805,-0.0020981883407062913
-0.023569926480826484,-0.012940726964702467
-0.009161043635812821,-0.03110908052549883
-0.01917502092434736,-0.017453511583248035
-0.013794182773025701,0.0005001156252569935
-0.028775640259902015,0.014434909874374563
-0.0010798139282734022,0.02267020058536749
-0.0052403197689442045,-0.004029954020314821
0.017807807362470035,0.010957312340786543
-0.011861045935541112,0.0382251271815917
-0.00489737381489069,0.0024886846601055875
-0.017543307929023512,-0.0005530972986990221
-0.04928088728248517,-0.026149378593940346
-0.017635889217754715,0.009030394520518101
0.031830084641222854,-0.009088409365032843
0.023296862791427307,-0.045767275564415934
-0.017551819919408504,0.007607365240072515
0.004819120600276854,-0.00026348361973447187
0.007718217905819969,-0.028816474854175954
0.0032833574863983606,0.028067531177060588
-0.0373892887755255,-0.018225002917929164
-0.014215478233667084,0.018364356584080567
-0.010325342816322325,-0.006126123580015795
-0.012567032964121858,-0.010727865306770331
0.006861235737074984,0.014139797175275734
-0.011035728918315486,0.022124564682828377
-0.005369081313533088,0.03056665409985045
0.006521392070425603,0.048884575276498726
-0.027159958281324788,-0.01956357797504691
0.017547295584172038,-0.02261633214241945
0.012881420738045971,0.02211513209018604
0.015691613540187856,0.027921379047604056
0.028699080293299685,0.005039264469985081
-0.0067259005878815975,0.003697907362885398
0.007181073806793581,-0.004535105477267786
-0.007321969507183547,0.029270648882796506
0.018052433270580735,0.003917510458919842
0.01998404291745397,-0.02671464966629977
-0.006242991117072794,-0.006288514962313199
0.014807431446616807,-0.00326848589998671
-0.0038867484003002476,0.0006208678541867372
0.01806410758577095,-0.0024915352058025044
-0.007884490628036195,-0.002162770454664908
0.01046623869461015,-0.009886405017452821
-0.004396630073037856,-0.008098769408248666
-0.0147978270809093,0.030596211117253774
0.01096502547161124,-0.003766151796391765
-0.012904184232333568,-0.0014982406848863816
0.0024246681058411007,0.05031137826764701
-0.0067650807228290324,0.020398741317285043
-0.031138098046977033,0.0026477554784706766
-0.04842017101038506,-0.002351836301322188
0.004563112757195729,-0.009814289067488957
0.01194337775026701,-0.0162233079893189
0.003758264228625575,0.0100829286973309
-0.018161531826195235,0.016604316645185125
0.009964628704000424,-0.006830104036288461
0.005702440037886913,-0.01449414050443259
0.0034095057145642283,0.00042541257436215307
-0.008059773234437661,0.01142798191400191
-0.025455190238818405,0.004461240893704732
-0.006991034120055701,0.02796248675363837
-0.01734524498082311,-0.02567975835822502
4.399185600185589e-06,0.008989363542223124
0.0011558096279969678,0.021841408334755653
-0.007358831920174444,-0.006658494347798922
-0.012716307977327866,-0.01413740589828456
0.0030177885596238785,0.014103322752622589
-0.020590449635957388,0.004010922991974233
-0.004058828541095789,0.006000871178493646
-0.004833043146967172,-0.002767931544002258
0.000997170117203432,0.008917950864273062
-0.014694788605502739,-0.00825052493265805
0.00764945194723008,-0.006410197024704491
0.00869857959561885,0.0021619977277597606
-0.0033377992698105925,0.015144191765204576
0.026325752033638357,0.005053667615979027
0.017945881877852496,-0.015962079971099892
-0.020243397612097837,-0.004834888641308898
-0.020881476452859562,0.012835619982638862
-0.007434308646192829,0.000313358294001454
0.011752102920786647,0.012199980797222235
0.01609539161069184,0.019397882761176984
0.006826630373805135,0.005844849045327455
0.016420634655343654,-0.023750907240260865
0.013976830724178088,-0.021777230635929363
0.025678340547065893,0.016058478771223676
0.017389098271636587,-0.023616765044184206
0.03153509717409149,0.03848777998929717
0.042153028444631986,-0.0032694237856532166
0.03515373606553917,0.017862506117446122
0.028748853076764697,0.034863942843214944
0.03603026305394491,0.0031781188268343308
0.029786987267401577,0.06609554100152792
0.03024303574556654,0.03207960440377228
0.061695697356836214,0.04922816104742076
0.043413744180517654,0.03092315091176019
0.06233598240254182,0.09515805888048069
0.06646976272122432,0.09341066579103045
0.050329560174808274,0.0896424013807468
0.02549507117185011,0.05518640181115313
0.0740449609870154,0.06498435995598625
0.06843687385299868,0.10296293258799759
0.10031426329464979,0.05187604769124042
0.08401020371439345,0.10702186517570902
0.0859750453170026,0.03484908878373375
0.0419508561006364,0.06600237398840257
0.054050060339107454,0.0734446880597755
0.02288010046311146,0.046321268386465206
0.03586816313859032,0.07020230932983247
0.039367969721983614,0.03536303379348492
0.034542041121907306,0.05316713727358311
0.023446306911377952,0.040681579025747115
-0.004831593549837904,0.021040506612560836
0.008143507172996304,0.03369044576734798
0.029801110512988224,0.03232925772387553
0.012666469410701549,-0.010043248467959676
0.009533126178822283,0.022305955641773106
-0.013931515770225625,-0.006609398632985146
-0.03087049356893623,-0.013522329306406669
-0.030774540859838925,0.00694166525446703
-0.052605868718776476,-0.08143506319507385
-0.07819896111275332,-0.05988761692690718
-0.07718079300718296,-0.08968338856050466
-0.07882166824048242,-0.1105823629711747
-0.10884115231309502,-0.11078778591403904
-0.12886481000324226,-0.11615195084440905
-0.132406776003393,-0.14989241118712002
-0.13998506427043678,-0.1786758803634624
-0.15065216505962387,-0.13276933898305246
-0.10606844602862729,-0.15791529593478976
-0.14063499344042915,-0.10908986020662703
-0.04590611605791574,-0.06840457224234069
0.00015710145690052554,-0.07082935607246336
0.06599340988823268,0.06572230713705593
0.11724663696366354,0.10897777159641933
0.18763630060842973,0.18985003836571884
0.24456499930913017,0.30897012940658447
0.2794582656670331,0.3214333360243364
0.2966669181925327,0.33422066127519856
0.2618236808090796,0.3335924864231472
0.1708627279943491,0.2461031752187909
0.04609660463539152,0.07695070640445846
-0.06656515011145976,-0.09532840256345103
-0.251756979672089,-0.3027443364482711
-0.5017174373039096,-0.5602429715213869
-0.6763105820156579,-0.8362501401201599
-0.8589178606440537,-1.0864707590400482
-1.0159029070375025,-1.2627422481307293
-1.0736352670857114,-1.3395636039601146
-1.103396972225397,-1.344939614546208
-0.9836859276961072,-1.2415792204979135
-0.8537951567475004,-1.0211505791593396
-0.5931667107623844,-0.7611623170698848
-0.3299824429036362,-0.3565152877551651
0.012082647225072534,-0.02933244520560505
0.31358598328593634,0.389695034700078
0.587323414677197,0.7697013874659839
0.8534272627316324,1.078838136289734
1.0118253491151503,1.2216552705095147
1.0831909063995522,1.376252453687175
1.0695365631766782,1.3516820476374525
0.9914426068874733,1.2705091290262118
0.8874920000933266,1.1046675373406858
0.7039290628686543,0.8470725506512401
0.48048661367493506,0.6072290947249668
0.28183306605688774,0.31160265706207224
0.09138104697408111,0.0848272587107792
-0.08209032208265477,-0.07283281468804303
-0.19912075381973593,-0.24035668339310912
-0.2770682728833213,-0.2968200732048089
-0.2620817946293035,-0.38146046883319806
-0.2767662281106208,-0.31159428366912456
-0.1919004121151845,-0.2714619301411629
-0.16502687237445623,-0.17232315646806612
-0.11958849330479714,-0.0923537778847951
-0.024932313815456953,-0.04332563008254961
0.08341226423172773,0.043697062227255036
0.1083998962361895,0.09060920447954487
0.13059985877646493,0.18808577554618414
0.16789685233532115,0.22599868565745565
0.1770215410859724,0.23926677770288635
0.19539069096414646,0.260573704746981
0.2141341147535065,0.2586586164222428
0.2136717656009306,0.22057875279463057
0.1941375395771123,0.23817239011034366
0.20320962238539317,0.2337684246243948
0.19224316404034744,0.21972206677779438
0.15009316033745215,0.16165547739048286
0.15283461071946114,0.23173694629298583
0.15242784536804274,0.18423173957812877
0.13362917223449053,0.15332492688329777
0.14998561022440934,0.1867644564933788
0.16554878376575718,0.1558674432094315
0.14354431789260746,0.17643707745464385
0.13183620476850264,0.1865442625979697
0.12816169061922242,0.17312989751441876
0.12020464814645655,0.1849887246812188
0.11076880942760998,0.13453127949802898
0.12678868144681163,0.12241837969115613
0.10724816886907484,0.13117908872801431
0.10399684359762616,0.07600471023942337
0.13505818553608018,0.1178157857609705
0.024434509292817975,0.13929181867613127
0.08449396487681586,0.14614881177162634
0.10093101078989526,0.08473046586688178
0.08024867810794084,0.07624681740005317
0.04981663471747288,0.06587583882866009
0.05726711248303945,0.06994281963389214
0.03483268118962015,0.0380496488731758
0.025576803753187022,0.053183329154796344
0.012144051346476024,0.04249222800402777
0.02032359386545582,-0.00046819428275864106
0.005240617563023672,-0.001560318929386073
-0.006240490079953068,0.03203682733509024
-0.0026355628603464513,-0.004108000591227308
-0.02661993810887371,-0.01673384067593115
-0.0015843757138875232,0.010496636594278037
-0.01514321872721672,-0.010916180677440417
-0.048118110845978695,-0.006938421604448072
-0.009426005241049092,-0.04015341825983779
-0.018655123340942742,-0.050659299986895015
-0.048253613823666636,-0.06341884586651841
-0.02280439025162306,-0.023044649989823196
-0.08027577141835106,-0.06331679180202213
-0.07499394137914203,-0.07482647652328989
-0.04618292952178948,-0.04476777514703598
-0.07827737479369339,-0.08800505506795603
-0.055161161854609043,-0.05915657444918358
-0.06679789353219949,-0.10275837498757905
-0.043543054233760585,-0.05815356081098758
-0.056578619302603175,-0.11029776688440919
-0.049047205083777225,-0.055215877250664264
-0.06124669745270394,-0.08525744262083192
-0.0682341272551584,-0.0720794065172084
-0.04096787166914254,-0.12749615998925964
-0.056751280562759576,-0.08931428507269096
-0.04514060085864937,-0.08372413950083747
-0.06251224024379079,-0.04537584086810387
-0.05696653024208229,-0.06118553911822538
-0.05245177624781652,-0.08966158036261584
-0.0565439081165843,-0.0515403256316342
-0.07593682305324637,-0.09996308464704344
-0.06402585639391829,-0.08775634115305062
-0.07425355302231167,-0.08324623192992575
-0.03686640388628689,-0.06028676079915231
-0.08015738702398467,-0.07231920452425868
-0.03903822385270032,-0.05775650065296921
-0.05669035528594532,-0.09160487119751852
-0.05019973822524762,-0.06692996860942008
-0.03377454941931036,-0.01716336829952471
-0.03261946514319824,-0.06292544165040884
-0.012076163338247887,-0.017373123766705433
-0.005255755268487656,-0.05475431271996048
-0.03314226840682576,-0.051827024530817195
-0.029739506436466695,-0.02235146040814236
-0.01811712437745952,-0.03783269520434301
-0.026355091434633927,-0.04157226442500911
-0.01671468915331951,-0.037523467150443815
-0.05528942341058282,-0.04143552477228687
-0.02594697902808707,-0.032450297017211804
-0.026855581541248508,-0.03282265293067858
-0.038950264346520096,-0.009025134570587002
-0.017646128441977025,-0.02831706768906153
-0.024243507618203604,-0.029745063090020438
-0.019030538834428932,-0.009116167886782855
-0.010695641750719943,-0.011272493059288019
0.010186680555613233,-0.00992814023968562
-0.009134901200171398,0.013047454292732939
-0.002365194125747387,0.008921503385572878
0.013824952192588922,-0.02124230636009912
0.002843068832034182,-0.039734956453662894
-0.042878749998619105,-0.029537154060418437
-0.0009334910089273733,-0.02899545695882956
0.012304371726701652,-0.0337895300972914
0.009616442724168105,-0.04324432128356741
-0.03027966431247356,0.007261991530218921
0.01543509822736066,0.003353109160827117
-0.02484900672504524,-0.008046072895038177
0.01618535197735676,0.002263901847553514
0.005014318666666294,-0.028591933344062428
-0.015614413433450658,0.04074177205148873
0.011960143393525318,-0.012077206345541292
-0.00025953406367176004,-0.00019050298195477525
0.04245515845938894,-0.025731954903599464
-0.006050631547101835,-0.010624761545096277
-0.008762409806584895,0.006988711926253682
0.02521151267089418,-0.005242188912315114
-0.014698131484563294,-0.015093932125221645
-0.020104992769083438,-0.011046356842245324
-0.009638081989992912,-0.011561258810407381
0.0002309628899763567,0.02635632263496398
0.0017383132705873694,0.022049844611960273
-0.008385367343970954,-0.0004272125239437297
0.002287580081626124,0.0027973873006291797
-0.008730477111733692,0.017427746859767307
-0.008703759439678993,-0.011176685937972507
0.01748166255153212,-0.004153469891739446
-0.016859564617687447,-0.01818097385494131
0.0174245060027755,0.0399175262149116
-0.019890368695558668,-0.02962995880017402
0.014857839093034633,-0.005648404192204232
0.015264019399527755,0.02272072198522079
-0.0011894807169932735,0.0276608883763647
0.0013715186772579253,-0.011328482788787064
0.016419752986841278,0.015513547772988892
-0.01467474558287294,-0.0006274950807673239
-0.0180007712121918,-0.012133527792131242
0.024983949935166873,-0.02503880074657338
0.01623544669663384,0.0041310539737326865
0.013741688181175271,0.022277338080886736
0.013269146753918765,-0.00497143726031081
0.031086370099199997,0.0030200791971288113
0.0006780013081568579,0.004934543521473779
0.003057770001392868,0.004401762875892792
0.006223123912744597,-0.012729427172681357
-0.0018033591460093015,0.006455363691487489
0.01089957842777005,-0.01927895117035452
-0.018793128152551644,0.010685059320199159
-0.003993304107877959,0.014614480142767372
-0.020897980898891742,-0.006956587284991479
-0.004038078331045917,0.022636988557749992
0.018449026275608228,-0.0046829880587243135
0.01421377592329435,0.0012333437848088152
-0.009743108967203339,-0.0013776634580659772
-0.015177428274594116,0.004788115129053432
0.009323441495298436,0.018158734258659884
-0.0015433756892669081,0.00874209150102049
-0.014744618166962823,-0.00894028054601025
0.017541419382483527,-0.011851058735063437
0.0015662964555742305,0.02473224719832619
0.015257092719741752,-0.009697373831062964
-0.008865152734998273,0.005667189571552354
-0.026249400053497064,0.022620398287848946
-0.01700735286072896,-0.010462788717135612
0.01448399318503648,-0.04694557036682977
0.0021891089688197904,-0.037691476725497476
-0.00048242869099460184,0.013167727321399935
-0.005908062695449411,0.04029002935637104
0.006300924528204227,0.011432238107613188
0.019029573317983214,-0.00018682238319627328
0.009204037552187645,-0.026922411839498284
-0.009402226299757031,0.002618870147398933
0.0028916499589599276,0.0031124669642373813
-0.025624209347408194,0.005610381336430186
0.024019960816681674,-0.051151097349300546
0.0011869981484512815,0.00382707054084056
-0.009617098387231474,0.00757588372575937
0.004664256533514106,-0.023059650749910912
0.008306244186141634,-0.01269809618738019
0.017529472732318665,0.01929803120313668
-0.003559391216318186,0.010568797246157273
0.0038958220706577593,0.003506293679225207
0.04042415545121999,-0.003993015032829163
-0.023390033621586797,-0.03945271824305874
-0.006036073076153,0.0006391703079784937
-0.0003448397030892629,-0.005533419921395255
-0.025209545030444737,-0.018794235344117106
-0.015932603060766055,0.02378917289589059
-0.0010459222026478851,0.0026390777518249865
0.01639477102737476,-0.021652033223818517
-0.0237747078494639,-0.01637717375316865
0.008614846224938886,0.0024583512253836494
-0.0033368432777950863,-0.047878983372607604
-0.005416841214292773,-0.018714316843507096
-0.0027267969494163334,0.028271777983543692
-0.02472378627105889,0.024806021325005093
0.0014573134536033708,-0.018465451710417722
-0.0024464224974141005,-0.012514176422225694
-0.002306532147966358,0.023164355832710492
-0.0007807727870425959,-0.03828538539546816
0.011351671656695077,-0.023205471331075818
-0.018511629254545466,-0.02757670664209459
-0.011740731990407392,0.023421593381921405
0.02680216032130711,0.005426216774971402
0.011455479197629752,0.05490380629681847
0.019244279598610452,0.03495267754513676
0.012656911588811255,-0.0027028915167425574
0.015526122111729119,0.013114028273043542
0.06008065880445029,0.02720813456759529
0.012646520811924529,0.021705851824501417
0.044821321611477685,0.04484787687919081
0.03016520851743747,0.012323559541827254
0.028483133900529475,0.032409286743900416
0.039457260944777,0.05333239409315829
0.052484816772289444,0.07405405001592896
0.06866629069587836,0.04949916143207447
0.045562195933369715,0.05161718405260317
0.06415367522522906,0.08950573174790619
0.06159706311902533,0.08985812415430752
0.07367108582485535,0.1030146802730312
0.017418400114996957,0.07327677912321254
0.06803755859912214,0.061397369338650865
0.05793072004322587,0.07153432399919937
0.05807193500508893,0.11599485221754792
0.045410590512981804,0.06356458393837436
0.08357299556766035,0.05399048182556968
0.0837776872660496,0.06431265308397496
0.044958711647964035,0.048889866489092146
0.06643734721920533,0.04627264473433096
0.044919700320734696,0.0388454368849028
0.030157727624749803,0.08250527574800803
0.014545509063012352,0.08207569994844024
0.03434540090291674,0.06586577474130498
0.03315597737178585,0.06544783429524784
0.023584453909904435,0.04691978702965734
-0.005740930331479039,0.011889676737472404
0.007119132002493692,0.014947263905051121
0.015951296354906202,0.01874631930174501
-0.01337715635032325,-0.011369605143279466
-0.0002405767743293319,-0.013220929079616153
-0.033251238106822616,-0.06891275499330307
-0.0374585093402429,-0.060880786644931136
-0.0678575929253201,-0.030567305698375978
-0.06516251403964506,-0.11385089533715757
-0.04426939218524147,-0.08880325420250505
-0.10203312148552474,-0.09709687578191378
-0.0721603361407405,-0.053334343048202074
-0.050029843275656016,-0.023223911988819235
-0.026041610023152945,-0.024382772008069244
0.00524092443733995,0.053729721403170214
0.08220195893979314,0.08493981861284204
0.13496650708665936,0.18357996574661048
0.17932323042543183,0.27513400158271856
0.2958657832756183,0.36298688127776074
0.32837262465921074,0.41290152133593283
0.3721050661899935,0.4821209397898145
0.374633407716943,0.4780659210379715
0.3359407807363175,0.4534049551210626
0.2682004792873274,0.35768379016579416
0.16372137359572406,0.25037024037147054
-0.012346828805984962,0.020009516552576552
-0.16622713769012543,-0.2727281652963938
-0.3751979728219885,-0.445545436770793
-0.58269623077235,-0.7129847984348651
-0.8077098380228398,-0.9768554056578717
-0.9160161583213404,-1.166910203426438
-0.9950312477024408,-1.2376050810938906
-0.985157843192472,-1.2715370446605232
-0.9214081186255257,-1.1639852115369593
-0.7736346670730575,-0.9559308339566236
-0.5387720405768571,-0.6745446679346796
-0.24237270362088992,-0.3147968477872203
0.046075868575549274,0.09489395562583719
0.35542501041125885,0.45542317717272407
0.6213410731312812,0.8019628724752735
0.886383530716895,1.0769525267111866
1.0373927805207428,1.30505343332846
1.1288833266461784,1.3566496019828196
1.0964438665219784,1.371720561850125
1.0175469134731363,1.2439362423595253
0.8728371979797948,1.0817626064301527
0.6426513200540707,0.8052412722886264
0.4497552899128303,0.5453542881891704
0.207658934722579,0.2171178770230965
0.0025313948745955012,0.0126151471589923
-0.13719908544386888,-0.21546815385017168
-0.30099125954676986,-0.3296629212796289
-0.3462842175347586,-0.46481652794592154
-0.40421349794539946,-0.5288484708815128
-0.4288757910045452,-0.5068227022620024
-0.3835661060511524,-0.4542700910079628
-0.34101367524823945,-0.41993928543682024
-0.3051666422128288,-0.3295924597443763
-0.2393267089565756,-0.27582458774911867
-0.1639949892579736,-0.19117534400765976
-0.13396645919601255,-0.19648326309140363
-0.10925050032578186,-0.10503706959699016
-0.09412211243801949,-0.08724126016974247
-0.057514410801261365,-0.06423090171534045
-0.049351139493506085,-0.09473024126741986
-0.07451105725038014,-0.0899454312848718
-0.06027353742960054,-0.08087980683484564
-0.10057097458530118,-0.08053600475768458
-0.1046479173892882,-0.12854673370911507
-0.12628788819713485,-0.15640697684616633
-0.1475297365020381,-0.17880576165164724
-0.14024458529615433,-0.18675565962695076
-0.15179522433592527,-0.19952955884914308
-0.1410906640570559,-0.1567523279725974
-0.17980804430133823,-0.19056856348540913
-0.16910234927347637,-0.18401099462300294
-0.1609386157160102,-0.19957570313158055
-0.1592455075419084,-0.2045802420402738
-0.17420651385673724,-0.20259821940393888
-0.1752165283251964,-0.19049978214597796
-0.17315409679240032,-0.18589020193797143
-0.14668757619717293,-0.2061168648027962
-0.13629966623281556,-0.22482574857675652
-0.13718894838838738,-0.15926398908990616
-0.14929752772296448,-0.19418110252940454
-0.16652478411896465,-0.1992843648218485
-0.12751671736480238,-0.18098266821586434
-0.1313748409805418,-0.18014331665039485
-0.15082901919511252,-0.1680294394452619
-0.13445604531363406,-0.15493038556156755
-0.1616209665096778,-0.13814930093773484
-0.13223598223907304,-0.1516008289801647
-0.11240096048083655,-0.105420042889814
-0.11703644957012552,-0.12528560106120185
-0.09902484322847699,-0.13716121966126935
-0.10342103208686099,-0.09964785084953989
-0.06709229634995732,-0.10268781463145253
-0.07290033655008891,-0.11231611005969225
-0.0292090971550074,-0.05233669081940107
-0.038146118985245295,-0.05714352582812359
-0.052966401777307714,-0.06925705595796579
-0.025403772149810367,-0.05020982398219245
-0.047443036893020825,-0.04204599973155646
-0.05856117787116802,-0.015384558415736178
-0.057204526878567474,-0.02340079072430667
-0.04461782614036577,-0.055408607270050494
-0.041022390629954365,-0.017341117272433
0.005697628983642133,-0.03929599546014549
0.002371604877072467,0.004875996520870129
-0.007366468142351053,-0.018412242011443106
0.0015779572629613667,0.0405516158943143
0.017978202783039087,0.000994669483989673
0.043778955160850896,0.02013642979375948
0.03264362038335729,0.03214825170577906
0.03497359976336217,0.019146790777894516
0.029554502098577996,-0.00012703662120314846
0.006325597389928415,0.046733331305952704
0.018235687967928297,0.07045255119802164
0.002215980039315535,0.04704670005931876
0.056295472631185776,0.023788952040964356
0.03235382457764862,0.05865217894721673
0.08362055143549574,0.056991035831238386
0.028806730264270476,0.03283176846006791
0.056754566537720166,0.04295052711718156
0.028851130091861493,0.037865965063334554
0.03290463486424994,0.043162813615917894
0.033399188231308545,0.05560416526424005
0.014563730714279306,0.022504375420842302
0.06267904421536225,0.03233680584648638
0.04821355494960627,0.05423443629916294
0.038328549571483385,0.06236876940284692
0.02046581838643053,0.004672381765214381
0.03522814821936526,0.03149469801091634
0.059760654839240424,0.061352860595170644
0.04366434310042681,0.029278779828032266
0.050059732734037056,0.03361342130393224
0.013388414635924198,0.04015156794505962
0.03831615450552733,0.09731353288526505
0.0365254885165587,0.033021219979665846
0.014856041121112579,0.031057252221635863
0.03535311264492499,0.027209552776243102
0.04026257339440353,0.016695678432275422
-0.004705596345551133,0.01960464167331593
0.032824569987346834,0.0578843410888555
0.02932793387824219,0.007816164234978194
0.015764839746954057,0.037951761713657564
0.037308853984050046,0.02647967471155021
0.03221367083415624,0.02694088974672945
0.011100516504975122,0.004480438121935767
0.001306391552321251,0.05601774308493197
0.027023978127741988,0.010164082908309731
0.023599634265217984,0.018508422051410015
0.015519647655602632,0.014672322465629132
-0.006525374879971509,0.0012262467341163878
0.024835501305932258,-0.01982672943848194
0.01884424672021793,0.015009761042485824
-0.01624374477298038,0.01128943003910683
0.03564677566836543,-0.004123636535489026
0.018020595115732636,0.0029638959375865963
0.00901053506816299,0.0010143043013258512
0.011012964920427673,0.002636259618349793
-0.014208820853499546,0.014099784574353076
0.009486553256511661,0.02391149725392349
0.002915645579618692,-0.01594236745519193
0.007321821858207969,0.017252537244837756
0.0105631744458005,-0.004071466849094483
-0.003768828715782606,0.011671755641881805
-0.034206210133905915,0.028613323920839578
-0.010672475553124262,0.009011740165712887
-0.038175738296234676,-0.024618932263529618
-0.004311766050762787,0.019651763258722865
-0.01021109791081016,-0.057045062700346254
-0.01656156331967989,-0.0508043225462448
0.029703257626873043,-0.0019211599891106553
-0.028474846816300643,0.016093044935694047
0.00962127077364753,-0.015220983799927274
-0.006356333396373407,-0.04007486737376725
-0.004207074591718852,-0.01843781750658158
0.007474223567820789,-0.012165006619671712
-0.007036614767543263,-0.037899813583547194
-0.0052195675603025,0.002809971656858443
0.011193602059686225,-0.01079982698311424
-0.028873267919221103,-0.017847861310568636
-0.004112715328878045,-0.0023503171439841417
0.026907331772632423,-0.030817642280088993
0.0012707180930162673,-0.04752411193678269
0.011243699356339355,0.002939049242332035
0.019278706353278843,0.01572267363728573
-0.00011730742757912237,-0.009292885205283671
0.007343681793924631,-0.023885287555314272
-0.000699912572351769,0.047303094702171616
0.006650593002481085,0.02178802167907646
0.0032440882645033246,0.0006160322683807421
0.026973400652220477,-0.015474830885991914
0.005761118567938435,0.010705574110630006
-0.015266140791268085,0.007168736423440091
-0.009734331577171091,-0.008811030657597401
-0.015317903666336705,-0.012942562513493718
0.0022600584301329728,-0.016059468289088837
-0.009370867880977537,0.022166087557435456
-0.017612293920982063,-0.022012936191976917
0.0018929158053179113,0.006624846657425007
-0.01614873856386541,-0.009331949061341048
0.003573665070455935,-0.03210844990891162
-0.009309343896904956,-0.026624323230598063
-0.0006311355916636101,0.027335505458598554
-0.01104536495287125,0.05405031746596826
-0.010233128468506922,-0.0007478982325677765
0.001115154567907277,-0.01029363500812748
0.011369020518825537,-0.029347285038649532
0.026418114694032192,0.02681891002507206
0.011449859989440302,0.019223876447850837
0.009001881155807202,-0.011827072906153585
-0.008388632505979578,-0.009860674711636692
0.017554794485897026,-0.013921443718244839
0.01574747913085688,-0.02110963744207502
-0.037879650134902826,0.0019503999438349004
0.017384489594390692,0.00877390854834976
0.003717121581864796,0.010378608937387554
-0.012918540639449772,-0.009160938187566496
-0.016696911215077298,-0.019385682554839016
-0.02300199400412718,-0.014321401961746078
-0.0047621609955653095,-0.016388523865298585
-0.01584361944708394,0.029247768169450374
-0.011433971962996739,-0.011854527523322191
0.01791591314851707,-0.0018653181981240835
-0.01711647367572035,-0.0037725589447404465
-0.002951102511231636,-0.025087118046090234
0.025406382587029083,0.0025381205875231244
-0.0010381623947393992,0.019264690528882532
-0.016217349407660522,0.013708245317986008
0.004018726800485705,-0.007678503141921104
0.012605346812353542,0.007662729251629021
0.00790659163533083,-0.018359915298325744
0.009433361958568746,-0.033771954544672765
-0.011816914568118913,-0.006623316744260655
0.013608751594558783,0.027204118047610783
0.005688782078757285,0.03042569225845095
0.02594427810704569,0.023101761382618817
0.02077013311957191,0.009010037941996014
0.0019222143648223973,-0.00888979381064947
0.0015633508592330489,-0.0015164889815892472
-0.002204080594418903,-0.01777661066470475
0.008981341500760581,-0.010006333513844704
-7.408297453538441e-05,0.03280952379573812
-0.017004268862197053,0.0035876227945807297
-0.018941438544128948,0.01566465970256825
-0.020054832862078684,0.016985988462515665
-0.0024636226161142156,0.026948608600026163
0.0077323879293336424,-0.004401986721505397
0.0025766823831728704,-0.012241647961929579
-0.010137173016737121,0.027502735004372825
-0.010644423252011384,-0.01237775069891699
-0.0022599284446640157,-0.00041669231558244475
0.024917664463682314,0.018265525670971373
-0.005281852299908159,0.006044322846834419
0.008324901095265754,0.017119367092249604
0.004570902741676797,0.07014269554792686
0.010282417798341874,0.00035028409818048736
0.03652781179881838,0.03293220108565265
0.07697276108758716,0.044433035835493226
0.010439154425322596,0.03917330122452421
0.022665173181076984,0.055135514560109
0.018254494240237337,0.01510719784334854
0.05348438145972857,0.013953787641582865
0.02869734091036933,0.09965382896605585
0.05530356598770451,0.05674900981388136
0.07261482008335184,0.10535227108831421
0.06048193829495374,0.04961628831646211
0.07663537018756097,0.07126762618560563
0.06137001144584046,0.0780188682642364
0.07887080712010426,0.09523550100708864
0.0969268108885027,0.11776545163217812
0.05627741701825251,0.08232380677860415
0.08728866971567514,0.06554470861112494
0.05066851412772364,0.09609109339266744
0.07063650140149282,0.028608332420493786
0.045847288361663754,0.07426194003826936
0.06099790743661463,0.09506378320307782
0.06932419961001847,0.08710293680240919
0.07646926028852524,0.06619974686429017
0.07302591055117297,0.06941284538722933
0.060543071460275266,0.06775872705350909
0.0658265420121779,0.08788147741457701
0.019043863830949276,0.040661861414842515
0.017646897106234426,0.04656506575831595
0.02751896398655947,0.007855463331222553
0.03815798748031293,0.011030643931104759
-0.00910596102127804,0.005010759004216661
0.010380530197493125,0.02721339927148796
-0.008272741842690083,-0.052883260222498
-0.028646804534446547,-0.02745721276480947
-0.05510969863493084,-0.07119223492387146
-0.058757216102048516,-0.09550126487815433
-0.054635155528585715,-0.10119825746848889
-0.09901512925409191,-0.07364070497347983
-0.07821748129170113,-0.1206722770264837
-0.1346207152396785,-0.12915677675946022
-0.11669372158095988,-0.18854855820477134
-0.129005027620071,-0.11661689162699575
-0.09905738606533909,-0.11791151643420217
-0.07722527739470192,-0.10958104291891539
-0.05880101913286151,-0.05699525561492895
0.012645697664358916,-0.003097964521182105
0.044408043264773316,0.06854459395227805
0.10273263504119892,0.16269531366439274
0.19419853829799003,0.261147392131146
0.23165180522336618,0.2959560766498624
0.2954480804743677,0.3487933214252471
0.2972628632295805,0.35445340042485707
0.24668962274677841,0.3114399262106789
0.18123741396828522,0.20059549257314396
0.037591199415676624,0.0744147313024358
-0.08793347589860596,-0.15842372522782036
-0.299333367071638,-0.38047362187887696
-0.5374776730957699,-0.6316756871129485
-0.7157874173781578,-0.9352891947672167
-0.9187412761055067,-1.1563288082263439
-1.0494799525608218,-1.3411872548455948
-1.1461912388108306,-1.4480107962916378
-1.1469168032704424,-1.4591244562824353
-1.0776398487761822,-1.3709996327921756
-0.9122472532896211,-1.1506466570722589
-0.6743425429544845,-0.8986197776726201
-0.40478476399469854,-0.4946528305853875
-0.0759340055290651,-0.10194726127202634
0.23632127198592096,0.2899910550815735
0.49485261436049677,0.5859483092694066
0.7161492366985449,0.9265974490246253
0.9207542136279017,1.0916648580463064
0.957608540895612,1.2234771586246118
0.9971077902531391,1.1890680844700698
0.864734469586195,1.1036063495804675
0.7350264360145173,0.9452787733155561
0.5349593481494174,0.664057319746049
0.3085929363493077,0.43250286540977884
0.12368324446351607,0.14075640555433633
-0.06581042333488449,-0.07144134074617849
-0.23427561682649697,-0.27406078037761045
-0.3312332431777336,-0.39946349467215714
-0.4006010467948768,-0.4940508216666563
-0.4171833249348811,-0.5755246342034545
-0.41902286559509583,-0.5423425550694266
-0.37632000385303715,-0.490666880114918
-0.3112612351489352,-0.40719925181401606
-0.24901430029433846,-0.2962253629865869
-0.1489110279193304,-0.23212177949384805
-0.1165287451229256,-0.13860354598764218
-0.02161117435460479,-0.02791192522096811
0.0006492838490055157,0.051963769313650966
0.055351135178861366,0.03127469843397233
0.10044349870126655,0.06648824562681703
0.0636358548262543,0.11868260947385699
0.08792683514730641,0.11128781833475082
0.10034858068504847,0.1051155209941562
0.06577429876284731,0.09487548051163594
0.07324797203690601,0.09514199292911288
0.08314048797199994,0.1198331608828473
0.09485395045582994,0.1021524613377433
0.08103268776352746,0.06391024442265009
0.06837494467794113,0.10116606048336611
0.09576401432573677,0.09582341308526914
0.1106196357169329,0.11779064680834109
0.12298057137212526,0.15263498258196223
0.1369238517294777,0.17396454159360117
0.10361569935156148,0.1667487334851792
0.10316672821666513,0.14421448126238265
0.11597274624089049,0.15612103200114574
0.10325920769376509,0.13515344967661383
0.14088105517455943,0.14857620321498216
0.1293856615855995,0.1639387573108806
0.12899622262549673,0.18300616423169053
0.13561735449518428,0.19513633255456708
0.1296340893653126,0.15979434763908001
0.1322921650002625,0.17407929311509224
0.1578412117343886,0.19842727637629787
0.13995920855304933,0.18127841149930016
0.1727557350211939,0.20347749641383056
0.1367544439914629,0.1862107311674098
0.1295443104886862,0.16025566461726662
0.12982916290331403,0.1709049616855549
0.13517480110536215,0.19205146407118226
0.14713211749345964,0.15987191689956637
0.14460394802242924,0.1419100476217821
0.12775407296029626,0.10212374358192658
0.11675630747007666,0.1563827329564637
0.12657011471174476,0.14708390172607208
0.1277819156299956,0.12634246298238314
0.12194226921694729,0.17102812075313317
0.08424960313036843,0.09348137627307312
0.09897973535925826,0.13819717143976112
0.08219958784138555,0.13408195935193096
0.08184420100260126,0.12847335554849618
0.07688153517435978,0.09605501658936147
0.06983258399900848,0.09994376478203965
0.044497013310332255,0.1112116126751315
0.07696076786758754,0.06471988427441797
0.057542843593442354,0.030270988045072174
0.05202875200456243,0.03613461076005842
0.04508693473389064,0.09526065037738898
0.00018600531092211603,0.02371654583667203
0.03997744757996504,0.07216530484480413
0.040900191051204474,0.02084563303016879
0.03354133758600709,0.030121338971708753
0.021804215670886987,0.03390776340672496
0.022900635358270346,0.02772898036846887
0.037154763849285545,0.050449770092839796
-0.048329063460279015,0.0032023672172758356
-0.007030442464048963,-0.0072626332436508696
-0.009853375872893259,-0.02166728128740142
-0.003150541815902515,0.010866711310657706
0.016236343555077425,-0.030481355902488523
-0.026076315049264776,-0.0014761699747140554
-0.017840027011301402,-0.047887868938391046
-0.029232066621089504,-0.0019510410894269994
-0.012953362311754391,-0.028207940889034562
-0.019052205058447763,0.029103016480720275
-0.026112874873657013,-0.015457512398910366
-0.00293890451943655,-0.035997360093989135
-0.03820189602872363,-0.010832891753274974
-0.03268103205788157,-0.06985537903430428
-0.029774388566156097,-0.04458400376144757
-0.026607816282991383,-0.008315339028380737
-0.0010019038353639626,-0.051698662783276755
-0.036815477284718005,-0.02539921259999193
0.01569034541515546,-0.04102123231802317
0.004506539531531864,-0.05232562588555577
-0.032945639753018084,-0.004662268400537406
-0.0144485241531406,-0.017664278897992016
-0.02163406464503706,-0.026838151234538563
0.008135880314367646,-0.03128008050873983
-0.04637191438260568,-0.042578968810786044
0.005343829779425044,-0.04992827150081609
-0.03510504949126258,-0.005066052583315023
-0.006300809069073563,-0.056758181715526684
0.017022227247360543,-0.027616091704484334
-0.005977823477978804,-0.005228948869050985
-0.018838817578184175,-0.010626366543528226
-0.026781791064089223,0.0060066111865977635
-0.022869797834523264,-0.03070379882465794
-0.007468970894710588,-0.029211615842652236
-0.03287487841725595,-0.026960754172708656
-0.021602701434173855,-0.02714894124305675
0.024887374027310838,-0.012730071162132109
-0.008206445050026141,0.006016217951630246
-0.008530856986402713,-0.009855526569796838
-0.003421477671861002,-0.009474802693239087
0.0036492369618656637,-0.004690435323669132
-0.006128542036935653,-0.013250031034176662
0.006522045123855915,-0.05030430614621382
-0.02022955790214158,-0.008400397031633816
-0.0033956590651143775,-0.03652778301595598
-0.006463227411444745,-0.04070180024010483
0.00831080039092155,-0.002303592304211997
-0.013667249288741934,0.019028272353502948
-0.00643857482789878,0.013085560719784922
0.0029866502348711603,-0.013626220734788008
0.021011095231851323,-0.01014198867770238
-0.03205781799096912,0.011258706230273946
-0.02090549110535253,0.011115794012877697
-0.0009979438067811881,0.010574418718337144
-0.0185065730158334,-0.0345955197633293
0.009499297531466609,-0.012693104822336687
-0.028183826616498917,0.004898223697073911
-0.02396184956979954,-0.016602676082047577
0.007825117252229077,-0.027877371712871028
0.0012702472247425184,-0.010272466770668542
0.01877767403873397,0.005436954007329759
-0.016907838820787092,-0.0033663743201735033
-0.007165702735796505,-0.0002925871964878574
-0.007659230203732522,0.00014247614778909267
0.030098666848787377,0.017626557624260054
0.026044231459029746,0.008196133400122716
0.003958781114221088,0.02425292590987831
-0.031533923579193074,-0.013183262004930257
0.014603532762838704,0.01654522170297425
0.007138115601332217,-0.04515662299123354
-0.01137737828512655,0.009214317357155118
-0.006488122297299396,0.0046065936066112135
0.007438601045959135,-0.002686828650551264
-0.020634621967148967,0.0570470983417939
0.038584012021955404,0.028350298101908953
0.016123859818181187,0.014851569945892195
0.023434336591041438,0.023141238082829224
0.0033538274767141787,0.012219557967370866
-0.0022519982533173648,-0.03779087265051141
0.008806106208969057,0.0034844888341294027
0.006996141376694249,-0.013544058904299449
0.013506303250709041,0.007701329718102997
0.005775934849232344,0.01503338605260118
-0.005130227630764419,0.018251473854015286
0.015072453504340637,0.013672807270614339
-0.015205432884830726,0.013602209830183593
0.0051828083355585156,-0.018049338582302767
-0.003471579644981271,-0.025399133829130317
-0.008769759003020024,-0.04851788353383594
0.019811724165181566,0.02347367000327274
0.01420949814587108,0.045455763812363374
-0.03128867974686197,0.02436655734362226
-0.009185069493675096,-0.01638458637389509
0.026349439863171977,0.00855346358264555
-0.028400156947525262,-0.006984736687515488
0.0038112341625670706,0.02683031746629391
-0.013257713438454128,0.0006984594719301551
-1.5117230114927272e-05,-0.039369685091697915
-0.03360137034175528,-0.030375368177272183
0.009473626273735228,-0.023285568077029865
-0.003480902564043183,-0.010824679519206973
0.000578181191056254,0.007860698683274736
-0.013474118530623325,0.004308155692840836
-0.002406982791896072,0.006281695104541177
-0.017416535687172868,-0.0017608795191797724
-0.0022209130155970646,0.01604934254672717
0.01113655998623087,0.020637646829791474
0.01591815036608042,0.01218095322943618
-0.015175585422780004,0.024503517992817084
-0.03507898591091215,-0.02017675657630541
-0.007054491128019433,0.018678364394440178
0.01732484726837938,-0.010740659791673378
0.006653733188807038,-0.0037454267974111216
0.022397430668649815,-0.01894749262520143
0.0051933116512321575,0.004215870777050794
-0.008946257920101314,0.02320393778266214
0.0021398265067739852,0.0523187653370794
0.013363784664555973,-0.0025191929841729623
0.028785530915255625,-0.0069346668985078444
0.007962824599276679,-0.035661610553142535
0.0033327947898761723,0.0001747987285811546
0.005851313753590118,0.0038702766593633796
-0.0033435474818869168,0.0018103048651147337
0.023498129199509193,-0.023987768212499462
0.010498075831597706,-0.02605027442224742
-0.00877431922303734,0.005573586611488952
0.002421964569459256,-0.009045110031803838
-0.007284615640070902,0.012524942654147905
-0.012264448594170882,0.032301551183614004
0.009313244621786157,0.011331349198097666
-0.002026492498878132,-0.011239656940044083
-0.030047302819005625,-0.0034570324934105287
-0.0021182636432199443,0.00479409990338922
0.008383781910727767,0.01833119920812339
-0.0025410626965732723,-0.010923762408422667
0.0005602023392497383,-0.03259432825267713
-0.022100856072645544,0.008651638869100128
0.004262048490808793,-0.017565895480627834
0.03788946444861265,0.02013785567984452
0.006724093710705283,0.05550234563320472
0.00509624467446505,-0.023573731065299027
0.03388913895662491,0.05690424304400441
0.015225524416129616,0.06547323971984224
0.03241439629295356,0.015531153834887103
0.04980677257342952,0.07944784378415276
0.026530618775646466,0.021808436388211713
0.030947217358104864,0.03222147131502638
0.048292331941520696,0.05399456789616356
0.038100641145722584,0.023072894872132113
0.045790410128317534,0.05834305716711275
0.05689234915864795,0.08166456618026005
0.04993891063213098,0.07874361987093892
0.036588524822505734,0.029238746609186926
0.06054515979654421,0.08188443163202026
0.04245266705694962,0.06444027855875785
0.06974944779349652,0.08322786981056386
0.04130804480520711,0.028068799387314665
0.050113396308164006,0.052160886604634346
0.07767711854727166,0.07346009096961445
0.03462284730035966,0.07305574366034742
0.07043214027761845,0.06262346041328541
0.0334907486612548,-0.005388153404367928
0.04996649156861511,0.043406914164957816
0.020401962490211117,0.0591870852014674
0.03925309918505505,0.06948504812062917
0.030291557546986675,0.04075228016553961
0.0408455033965433,0.0337510059378356
0.011758830614156009,0.046085497043688015
0.041528132492534155,0.0344123291124063
0.009558522571570771,-0.017270137895318723
0.0011365802689027426,-0.015354564225634441
-0.014108859387771712,-0.06288678019380123
-0.04937750885591138,-0.05915809207379778
-0.07794396619207977,-0.03844499702887699
-0.0719174157963276,-0.11158795613719553
-0.05143080070076447,-0.08713078346850252
-0.09401432375853208,-0.11135348795101022
-0.08557052343390527,-0.14125273403888222
-0.10576323345914913,-0.11816528287722043
-0.10545458505473518,-0.1551669374013383
-0.09982544119773035,-0.10823281526959051
-0.10573781876151477,-0.11706759581650787
-0.0507433341664881,-0.08184732250977882
0.008396307235422482,-0.004839514314012847
0.0313031295114732,0.05596943068773126
0.1120237288198776,0.11763490341285182
0.1566375795997497,0.21845313053052007
0.23706430547973245,0.285660182707526
0.3137211795697582,0.34635056851317014
0.3606284309939016,0.4158266556954752
0.3440419694506127,0.43812510705472313
0.37431199234484597,0.36308578065704944
0.2628774849263668,0.3074177137104749
0.137379098581908,0.17173259195879892
-0.007065130470424611,-0.01478696466818588
-0.19196573520583926,-0.21789454472218334
-0.4015329534607909,-0.4787465350269535
-0.6083962431432156,-0.7589213043976243
-0.7774429743615725,-1.0123615418535488
-0.9248670251080295,-1.1286396691351839
-1.0066355263938824,-1.2322659856500693
-1.004828951314734,-1.2324497526540075
-0.9183004534938132,-1.1559965946536437
-0.7562250561859395,-0.9361180173352679
-0.5175664650837732,-0.6504595906457038
-0.23673598409218896,-0.27638889315011117
0.09715098298283303,0.10455007266711461
0.4311250378102475,0.5125659025477018
0.7029706589231043,0.925058976144457
0.8952522718467055,1.1629913574801989
1.1048602791439601,1.3612528336498255
1.1924229729991647,1.4892816768050177
1.1461610841287149,1.4335710436618507
1.0841675807214055,1.3805871677576351
0.9443012019440764,1.2046111987361108
0.7422529892373171,0.9462490941725205
0.5306196445899979,0.6768051647460993
0.30887054444115136,0.4025085231055603
0.10933352323510351,0.18966946899486367
-0.04466782621037851,-0.05544323437310669
-0.15362329141179143,-0.22009803458253663
-0.22652023581516245,-0.2737657912268704
-0.24198491814545064,-0.36100883634245245
-0.22912342041490918,-0.2996170887974648
-0.20835048173561238,-0.3111379783723064
-0.1752571336341162,-0.18590971964588549
-0.09234779047019434,-0.13354893364443196
-0.05683281119296374,-0.036226265738354864
0.004921327260255951,0.005722350724065871
0.06758090455755404,0.0797027533197453
0.09960102399463748,0.10357285310229523
0.13465674096205424,0.14456122342969013
0.14201912081702425,0.13252350759333217
0.13555374614792215,0.18788982441786745
0.12027328711141916,0.1507007378186392
0.10234466272703419,0.1528699527811674
0.09285054630015259,0.11530660684149975
0.07036453881322845,0.09643572552638531
0.07289817297520118,0.051706275276772094
0.06496835658185716,0.04625273311534483
0.03856313963679539,0.028487153525197716
0.006053882307014348,0.012328187014473184
-0.032278357276463436,0.009941125561693676
-0.014351106505000936,-0.02479916154327393
-0.03120790956097795,-0.012668044573123045
-0.02513089794795357,-0.04272566791697516
-0.04253283747261724,-0.06341556919083213
-0.008284931187694605,-0.05125566426721912
-0.045906072871492336,-0.036221165443261566
-0.05586246549082974,-0.06411611994992251
-0.06616511805373781,-0.06219315345563581
-0.052775115703528636,-0.11064065111355065
-0.09235956220025332,-0.08871414977873758
-0.0864714566095671,-0.12945789767539254
-0.09845102245587807,-0.12038262122299613
-0.09804253175088287,-0.08492649834161173
-0.09225557353754676,-0.1304609995290747
-0.11733999278079771,-0.1414166292748722
-0.08279181958294478,-0.15299780243471617
-0.10695400920841941,-0.12928655377132942
-0.06878623849742851,-0.14752204315094714
-0.09414457390296571,-0.12162852317795322
-0.11260633378354733,-0.15314546257458034
-0.08965610000322344,-0.1820439274173321
-0.1335411941720308,-0.13960793486961692
-0.11128865127412997,-0.1818262263545115
-0.13954362960178654,-0.19690925608394688
-0.11753365174167746,-0.12437247397644151
-0.15103673642701293,-0.12907267809485962
-0.1199247195503266,-0.14199452323962478
-0.09435768618672039,-0.14753959796372343
-0.0876483208037595,-0.1503745476940109
-0.11168729795387876,-0.1408569569592987
-0.10877345392444948,-0.1644684399490491
-0.09788427856183408,-0.09974826245005311
-0.08243860529417227,-0.11856651658435508
-0.11856017173928197,-0.12180937599313116
-0.09604530342595938,-0.12592191941417885
-0.11274275901786855,-0.13205196039984923
-0.1024319703231158,-0.10419400542893954
-0.09044537900341013,-0.09069269013516579
-0.06690124115752541,-0.13006182822594597
-0.08483056985044796,-0.10290037218666637
-0.07309012303890723,-0.097207985461552
-0.02941082483808556,-0.08961236703475217
-0.07756743920012983,-0.11162198692530298
-0.05245709495336957,-0.09234377747916918
-0.03253135268714271,-0.06436310638755044
-0.07624126882087909,-0.021674292356252012
-0.030354510702664997,-0.05860282975095048
-0.05562217591108276,-0.0797162112232079
-0.01951772416397271,-0.06620048857951265
-0.03997723143333481,-0.05802213483980343
-0.05276373046959359,-0.025119081473090044
-0.022255388529255907,-0.04004604419044253
0.018372937811738526,-0.05914985597756496
-0.0352831979589388,0.005087107037927835
-0.013923370639381694,-0.021719197430892803
0.009312908909458425,0.01745261325607487
-0.01046249295395757,-0.013903237037160995
-0.0043657417151146995,-0.024812927455834518
-0.013621878966412537,-0.002614864625597035
0.0033346076634762235,-0.039577743604562635
0.011834641315252005,-0.021486953698378716
0.01630285241187597,0.01092508066641976
0.018446467490867306,0.012692725631563751
0.03462133313119132,0.030771334177966743
0.010813007844009771,0.03520841492528591
0.006509348983934661,-0.015273293315701693
0.008325902934161425,0.037260503863934674
0.008929111990038855,0.023157858502708902
-0.01638675175692597,-0.007507615896836385
0.024829579384512124,0.03788009620873166
-0.010313165842410798,-0.006753490220350615
0.011095929278497424,0.038526659257366605
0.014049161941351813,0.01047426899559312
0.012864274590680472,0.032454366899552264
0.01454242226409529,-0.014758788130706895
0.025975486030934514,0.019392905986488407
0.0009626556433321554,0.0651458082443029
0.006461583288664444,0.03709022484359209
0.007102031999717654,0.006458790523306883
-0.0005339025687225912,0.0005736286298636036
-0.0011065851707884795,0.001084039844871364
0.008111935586403454,0.008639594972322228
-0.0123575376560297,0.028674458665217756
0.04418303604824258,0.010371878465158357
-0.004951157565905845,-0.020194960435045234
0.009397035568253357,-0.008650226399780088
0.036670181162607465,0.019355190343945103
0.00612643478061164,-0.04984611395437266
-0.004786645745952165,0.0031180351602114404
0.009682699021936091,0.014354588881885524
-0.0010233990016935285,0.011158084059105296
0.020455472423744583,0.007850844605044524
-0.0060112466718901525,0.028252098579247507
0.0007966897025902455,0.012697974613328217
0.011248899784234987,-0.022856886715838548
0.017057959515819673,-0.015028421589025173
0.021894822776416436,0.011328747585460574
0.009321958257237042,0.01136850298344147
-0.009242407025798602,0.016976391413252287
0.001049357098020593,-0.0025680074305675874
0.030706656249264365,-0.028335731703929425
-0.0034670139442772186,0.001228067341964022
0.01218526795822833,0.017832649999628393
0.007757141362104862,-0.04688336518679294
-0.0007008504580533104,0.01831501278725385
0.0036924392632523306,-0.012063953136607457
0.02563998803064775,-0.013110625364859806
0.005785260448025352,-0.0056750014795206236
0.007515791434542263,-0.003567507965217669
-0.0065798048337062836,0.03451616784311703
0.015829317419789917,-0.005927928863290962
0.0037694899235967624,-0.017857244150064785
0.02794993030107136,0.009966863150414276
0.03346989076185531,-0.012464698322780729
-0.008618173856524022,0.017859231406114815
-0.0010650487634745573,-0.0014401341282328337
-0.012939169343786522,-0.046586935923516544
0.013237257050773485,0.035085887492796536
-0.02185447914864136,-0.0007558239021825592
0.004519069709493491,0.01833899372245669
0.010315004741934175,0.012654544426376887
-0.025358244162787282,-0.013042803617312445
-0.003122048188885441,0.01041379571493223
0.029672852999888557,0.016249644474760523
0.004632152574272084,0.0009314491023054634
-0.014633319012328472,-0.028199058167427855
0.0154704609651248,-0.026149158579868527
-0.00809597446283277,0.005379800246561507
0.0037206527083619976,0.01676477252078417
0.002500811192924853,0.005424009047292179
-0.004763034437532454,0.0035356974969410213
-0.0048044333079105845,0.01736958396279736
0.005520606455102687,0.005615745036113774
0.026029993263762333,0.009320279763330677
0.014687581049112478,-0.013326507622044678
0.012118682592726611,-0.02461952885284059
0.003826937181532842,-0.01242247104486181
-0.0008085404904196731,0.006242789784934198
-0.0036303327907519427,-0.032952895375260145
0.016693277871598185,0.027523324265306674
0.0025303435541873497,-0.01066711806873442
0.027766438450301162,0.014399579841914374
-0.012912243840832264,-0.01684413305362753
0.01947688539215586,-0.005758506456476263
0.0016403231739792372,-0.006247132270735825
-0.03336423128605678,0.02553338692958009
-0.0046887450553182684,0.0034486677577255987
0.0034254586520766394,-0.003949413242848657
-0.018488834166729248,-0.0031762191447070234
-0.011470216197328907,0.009423312088074483
-0.0022465657972131226,0.012773311441237563
-0.015512841714839815,-0.017142266559665005
-0.008441280203603161,-0.0018893983376973545
-0.012421064283697226,0.036352302400159145
-0.008599190163172616,-0.005879792053701383
0.004303497007262592,-0.020764968775841663
-0.011445949569729132,0.0070213263412870095
-0.03062897070641063,-0.018650441360199818
0.012980603678269538,0.0038472257802714908
-0.01043376036210063,0.039641397901018616
-0.011741111523865826,0.01830604288288095
-0.01776654332731965,0.0024082594530197682
0.016711228034473426,0.002690094636746157
-0.005416382244680839,-0.013985358228633438
-0.004629601428791082,-0.006875935442143976
0.00723612565215353,-0.01481257930662245
-0.014518010787621558,0.006668824426945886
-0.00043589640888554274,-0.019001222892322745
-0.027064981802452127,0.035114713398955034
0.017790661354352956,-0.014059213830505433
-0.008903119089785872,0.0030122118447551104
-0.002740701165221028,0.04109664061590136
0.004360664931300994,0.04407770734251591
0.025683678934320837,-0.018600546295158428
-0.018639223197257266,-0.0057033506326832
-0.02108623727967044,0.01066843005119699
-0.018865609708961652,0.011144617070436623
0.0036661681444381334,-0.009881227200030209
-0.0014219370426676373,-0.0001651690892064394
0.021038628432825855,-0.013601727819809922
0.01139624203678672,0.017382315245629082
-0.019790337401314025,0.007148976274173057
0.01842716255582339,-0.021509057727478943
0.00939700275641997,0.004007981939156344
0.017796241366280822,0.0055282211179795305
0.02845142500068686,0.051194611656593045
0.0532682135256951,0.026719319623085585
0.028523810055841033,0.09689133285353939
0.04027062077472624,0.03821905739979648
0.05529403673461996,0.048739484709576564
0.05553156724106939,0.019377457755931332
0.020547688628722083,0.0390191658562633
0.042001099411518354,0.056144268473731954
0.06591034476453576,0.0733592560542219
0.04996458977388099,0.0674796252479846
0.031752626025138925,0.09560327733775756
0.07995261560047441,0.06815156271351161
0.06603969150961216,0.07393392625732868
0.03717577216014236,0.08612404201618822
0.09946878529720593,0.08772278712639453
0.08854667557937895,0.08655558673525755
0.06292782859400098,0.11677737222218393
0.10260016394416763,0.07107873369588433
0.07196215381665276,0.05558584307702629
0.03866026223767126,0.08398987504877016
0.05095751534133104,0.07886468099180838
0.06990469982188395,0.06838289844565343
0.06834884404246326,0.08734046756987882
0.07643254248369856,0.10640550998678151
0.05646333723821361,0.08111291989932042
0.061874477400447894,0.09962841446996176
0.05235125810701524,0.06161965269398882
0.05484025435644111,0.041540897667158856
0.03867912295530547,0.054687960282310995
-0.0146392265903868,0.03233585940138961
0.008007655375048637,0.04468748239882191
0.03023038022793566,-0.007884219632147917
0.005950747066913325,0.029759716631029824
-0.017885379638028456,-0.02890989031199924
-0.021925869120141283,-0.01754575651094938
-0.05616787658716752,-0.05521710586166953
-0.06175582405948531,-0.056890864475778354
-0.05314811824281073,-0.09153316919851348
-0.06008733546437881,-0.09076483210581043
-0.06893990568474258,-0.11525601496550925
-0.05317083124146729,-0.06387733323048077
-0.07141656501587339,-0.08231666305353848
-0.03141099660962284,-0.011428212325584185
0.010669272668997908,-0.01542105835876862
0.04217607854913165,0.061812011291737363
0.11638279690512521,0.1496667153282193
0.13928041485313444,0.22883508309554068
0.25183947906338083,0.3261154175858512
0.30223171576712077,0.30911415327864034
0.3285326460261666,0.3868855009734032
0.32924741708222605,0.43326363228314757
0.3326013195841993,0.35345911591880075
0.2117566114951293,0.29367439767814324
0.13157699269742928,0.13702150352224673
-0.008395364147435603,-0.05682113516500354
-0.22029494297891514,-0.29578260597351913
-0.4492743570905446,-0.5787017099231975
-0.6611517919830987,-0.8621462390449322
-0.8413802400590547,-1.0413872502003636
-0.9881377264412322,-1.260863083990716
-1.1081995123836357,-1.3804109955249964
-1.1047419091902138,-1.3755375187782632
-1.0569456973696743,-1.2645586572839682
-0.8771087906276925,-1.0944208684732233
-0.6304160825574545,-0.8118870711037457
-0.38409303146139684,-0.4371445599288545
-0.08554881822622601,-0.06405206464893531
0.24970735258084492,0.2949349242388584
0.5067685686845324,0.6465722623349616
0.7821142558929193,0.9309498266983443
0.910676455800714,1.1499293674356543
0.9578862979967959,1.2392127907076376
0.9614700596341467,1.1957243831390345
0.8894732325105418,1.1431112393917326
0.7319297098770821,0.8794563382404396
0.5354350243975875,0.6390126911442765
0.2884187708974743,0.36330265664520345
0.1015250530983277,0.10645403659449758
-0.09826021956027875,-0.14781647131496012
-0.25065631059228816,-0.3629671458005607
-0.38977790816313684,-0.5119244793964709
-0.5058021410427659,-0.5909729418649239
-0.5021631641242851,-0.6147149537129549
-0.48863137023664455,-0.668950249006361
-0.46577798289330474,-0.5914310770314819
-0.413969767082796,-0.5212138263810967
-0.35320588017996857,-0.49241187056935876
-0.2940351911623262,-0.38945968037942574
-0.21694262463032588,-0.2834784240409675
-0.19666485477902548,-0.22097956391979892
-0.1458591067119884,-0.15232610179571723
-0.11673263055607644,-0.12903049124716143
-0.09384159878955052,-0.08582422253327206
-0.08100811100816896,-0.11022858005939218
-0.09454639374689336,-0.11416134772193483
-0.058764557162451984,-0.08696236104029904
-0.08619959460723603,-0.09660207494904274
-0.08163730294482448,-0.07302218768353246
-0.10080077426443529,-0.1436833350247736
-0.09690328524998898,-0.1094230866266794
-0.07860832134116004,-0.16856870716431133
-0.08292633841801772,-0.10606140845176537
-0.07975398410623961,-0.10452251457751907
-0.07780839885441901,-0.10475581908389067
-0.06409983156733712,-0.11499785472037886
-0.0742490310212704,-0.11096103060875533
-0.05721215642310047,-0.025196367906592528
-0.06263076930137883,-0.07649611785447256
-0.03810833189474932,-0.05665292349554367
-0.061040766566484564,-0.028805842689714745
-0.039456370191735965,-0.05832057971531861
-0.012026503237481606,-0.024989631031150233
-0.013903183654259747,-0.051936229432827205
-0.04093095302611979,-0.014135138151356062
-0.012609527544559929,0.008370294755407702
-0.028750787162729448,-0.013411480574258228
0.014861990168296505,-0.015259987850328748
0.025141800150052903,0.025830972601826617
0.0471015785289621,0.036556371681691686
0.029342296080015057,0.045402048497211904
0.061275947022356614,0.05195454069513514
0.04110033738955683,0.09393616871498506
0.0737087015679415,0.08672526640657013
0.062356838199201126,0.07550190663825612
0.08914319268700005,0.12264139867902696
0.07616117794929653,0.06449071499848749
0.07911112125318881,0.08726870025530555
0.0510353908867905,0.07462331173076384
0.04572361963660035,0.10378350617843338
0.08569631174309075,0.09556681302464162
0.11956351775444095,0.14283506054666217
0.11143359963144883,0.0979765090201998
0.11903542376612208,0.09736394806680228
0.07925890102829339,0.13360244853338396
0.07772834047939893,0.10881505793138302
0.06468398737636867,0.1173741564400277
0.10809972340496304,0.14747946918806862
0.0965789238056225,0.09584937270410387
0.09812163913697335,0.09351334805778133
0.0749793085530983,0.1276831850261368
0.06647193708631298,0.11007868889200968
0.10348583598348778,0.1268354577674897
0.06185453517690889,0.11491300444644227
0.10186903583950951,0.11373616630402617
0.09182085611802486,0.10878173163821513
0.0695467559023542,0.09555578415142073
0.030741826146258595,0.10141068440343651
0.11884860396370844,0.07821033702662432
0.0583057302661107,0.06310416839109989
0.0559892522794919,0.048661908122905995
0.07410506520595105,0.1094466174301886
0.06840043339701073,0.062067084871250414
0.051242811858982135,0.058817455491519316
0.061307984763291114,0.06710431258079276
0.043083897759351675,0.03876313391302231
0.04893894762961987,0.05418739585367462
0.05508237064883026,0.051234809075757795
0.06078776374180364,0.09748588582237677
0.03529736144638317,0.045905568436026105
0.002181332856187257,0.03066034685915145
0.027263205367230304,0.03385731729880811
0.055518430616155516,0.04087226214639829
0.01924496819641304,0.05041810236911673
0.00856271379335415,0.024918969775819675
-0.0031457001339434995,0.00016381529997463312
0.02681599294747346,-0.003515810092189188
0.03745120511585755,0.030715299896663394
0.008524153010541066,0.018262668432905818
0.03895397024806821,0.007750906700187258
0.009505916271373939,0.018414044837088108
0.029677906310905673,-0.025522616874153067
0.022228507810047662,0.0030642910162706318
-0.018121913588202844,0.0025767741371037385
0.007170893721464704,-0.01711611909927777
0.027618147522446436,-0.000959620632842979
0.005542768109321068,-0.023184537618927623
0.004786198889901253,-0.002287580849590888
0.0005512434725231809,-0.022606201939943726
0.01457034356515779,0.004992849557245857
0.020877669947825566,-0.0032277912690506505
0.0025865168588088266,-0.021953325181550933
-0.009417043000757647,0.009416519192541023
0.014398955379528601,0.0013993229170606433
0.021976777885433053,-0.037518840262051795
0.01905972863067264,-0.005098250177550202
0.009512670157872605,-0.0507466810657762
-0.011197266077160336,0.030396091751210354
-0.006377063334301131,-0.053765196973826604
-0.006573413780336896,-0.021979141717188826
0.010726211263922703,0.027291280531573776
-0.013768891293695696,0.007748295006234121
-0.013189623914722155,-0.01126161996222453
0.0028751684793498476,-0.02060940455573146
-0.01128660893563849,0.0279043537462098
0.018565763247828083,-0.03050391775877318
-0.0028314032271855734,-0.021653757573568518
-0.01607185553495542,0.003767512592231379
-0.009104607629043943,-0.012081697257593449
-0.009003850194159663,-0.004815279008430246
-0.03924268664500759,-0.02496428006091869
-0.010856033474688156,0.012302144727181583
0.019014288616248865,-0.03129871913172204
0.018601554590407104,0.003829815692988652
-0.00017027229695775782,-0.046649925040170286
-0.026464344183727735,0.024638055860089724
-0.004953233100922762,-0.02180357868391179
-0.017945276082852585,0.0012547479834551763
0.014787803797235724,0.005927053202510348
-0.023116445326778888,-0.003954751019334966
-0.009814735522658324,0.007956520294024995
0.0015357566147998422,-0.007980566116609755
-0.010955984627597014,-0.018001575986660873
-0.030208460381675968,-0.011477452391385982
-0.014525131011440127,0.01610191147093849
-0.0186281420165024,0.006717216191192218
0.00895138464920201,0.016824311287610142
-0.04554323792913037,-0.0015989910165694794
0.007413902384111264,0.029237416594585775
-0.02986151089144719,0.013183653522843477
-0.0084298418883215,-0.01716352745500334
0.0059896042003171526,-0.012809714641857536
-8.347330737498533e-05,-0.02206835230043824
-0.003670695375120236,0.010561094793755402
-0.015711577812196644,0.055861334911482305
0.02664684473454948,0.014430329942239764
0.0026870583571612125,-0.0024034857060155953
-0.004925327696130312,0.034657017567470694
0.0031446698779238665,0.0010671002180164906
-0.009431123001591279,0.006798976361763887
0.014711674071542358,-0.02922195510160791
0.024652272776143874,-0.028621695034982655
-0.002067872423999101,0.009522994113978911
-0.000200873583039211,0.0038599368583810702
-0.016935818031160954,0.018507313361379427
0.009756271198427804,0.024964007320642936
-0.0027950008831471537,-0.00864564632322925
-0.011593712688909104,0.033255030234529706
-0.01520816149819799,0.001269503983296691
0.006228318015528992,0.00759199929819826
0.024206144309004085,-0.010176236013172083
-0.004589846577576437,0.005461378300686886
-0.01633663465905621,0.030866806234970515
-0.0025573575440476335,-0.014916400259391305
0.000976029927867411,-0.01712315276293472
0.0035827231154471487,-0.016950754335051957
0.0004010916661221778,-0.02507837069107325
-0.037947725934706245,-0.010144846097542088
-0.0069597086238400874,-0.013592746115505806
-0.025012907764659954,-0.028922533641471643
-0.0266405438343891,-0.017037106215500364
0.02054640499861471,-0.0010090507748508283
0.002776350250591184,0.03854731916090527
0.021310681712780367,-0.011283890253347412
0.012943650621685471,0.0339959881975966
-0.012698411655434467,-0.023071461035210836
-0.017871357502982254,-0.01108961819013412
-0.03439651075123711,-0.0022887454672253487
-0.022013058044821735,-0.0011998671008500096
-0.000488110015098594,0.01458692893272924
-0.019299636867696434,8.826938661477087e-05
-0.0043831250759371965,-0.01250720455973788
0.009846070643221079,0.007691371445754394
-0.010671428959572453,0.005311883157184127
-0.008287218627187676,0.03888538984283726
-0.0033629332300541687,-0.01104799803234875
0.005758899788489988,-0.007264643819295045
-0.017661331971897752,0.03057471241143606
0.03324297062499686,0.019742773398601168
-0.010418969547141133,-0.022413849748584572
-0.001594467314658461,-0.037531840745762116
0.02082964006586798,-0.02143682924483384
-0.03193089909872415,0.005233184971514041
-0.003511095515421579,0.0001998180207615525
0.025132464323985627,-0.02242963883054203
0.007592586717506156,0.0034570780269095693
0.03562642290481755,-0.015611490561598829
0.004576157712577521,-0.006293487828969184
0.006881524500075179,0.008884776162520286
0.017284391242085247,-0.007898756231383697
0.02527237472237171,0.03197488331550426
0.008658993745441535,0.027859001044196627
-0.01259458241631761,-0.010681731111833489
-0.004529037715436993,0.022635919215839028
0.0013331738265576548,-0.021852494270357955
0.03471836210723268,0.026198584349497615
0.018720433912437086,0.010809866975953583
-0.0031651632135148073,0.002833811830609193
1.7626394897055086e-05,0.013555097796741307
0.026752216825811338,0.01792180587932926
0.0493269313286292,0.03425414493746432
0.029493411736653742,0.014080807670601537
0.060803927664359804,0.04206673897771231
0.03340288218222839,0.024287417345119758
0.07827710342550113,0.01932021405695259
0.03725693945221092,0.04982854949033526
0.03927455780752887,0.05195532001072222
0.04238205875607995,0.0786735073204938
0.038899363778367245,0.1142671426044371
0.06577410002524554,0.061367366175690594
0.05843713834098779,0.10349287731154899
0.0601922575609222,0.06386653335921817
0.05889708535418162,0.07767692128904514
0.046919097199486504,0.06641141113541114
0.058504967207483174,0.08754365848265308
0.0621252650157388,0.10081675313691565
0.046028942278123604,0.06485754616173806
0.06338079466577311,0.08227263870025148
0.06584742503325718,0.07099839516748727
0.053028421145405825,0.024909003278977708
0.0642816902090698,0.06574864649146434
0.03759355735805284,0.09305622431264177
0.048411336884311644,0.038503538641617666
-0.0010268036587791518,0.06188458328895698
0.03035650336606286,0.01259952656252708
0.0005280289098795161,0.020440596688631647
0.003110992293121605,0.026574213386499155
0.03505196234038534,-0.002870356902516729
-0.01809919111981309,0.026660122127958402
-0.026728482340047363,-0.04779802066824767
-0.028165939996581058,-0.05297006842887886
-0.03854629394923544,-0.046856932720989564
-0.0327691407289715,-0.04073607946652114
-0.10647484855855283,-0.10659203034894701
-0.06063314772584272,-0.13733025831047246
-0.11808274178441674,-0.15587046574063476
-0.14655818335392334,-0.15188578140055398
-0.13268442090024132,-0.19757591481377412
-0.14431639352119394,-0.167243326142032
-0.15767391172444042,-0.20614887324435277
-0.11822495781050163,-0.1386719058620773
-0.05228113689003751,-0.12359947024648833
-0.08715618152288954,-0.09203589199371723
-0.012386559669492954,-0.012449899219933613
0.061547555413081205,0.05920181615270217
0.122134983870533,0.12623609269639352
0.19871022970730443,0.23183727781962554
0.23454339226150522,0.33280221815420774
0.2789978312021812,0.3379732757090706
0.2861425488546325,0.343154331749529
0.25272337799887684,0.3262300784550264
0.20999487220235744,0.24662160126137442
0.05543863658922682,0.10576833666905289
-0.0674677623330917,-0.07364490291760965
-0.2699107284910013,-0.33958634364388945
-0.49645529378563236,-0.5747764013836479
-0.6872438991384768,-0.8679728915729588
-0.8804182684729934,-1.0739398199181354
-0.9976232837160725,-1.2751176832799829
-1.0933643584537103,-1.3513232434168805
-1.0781274483112855,-1.343378122252644
-1.025483895855509,-1.2719459608984915
-0.8205064141601035,-1.0487895043800373
-0.6262617465832887,-0.7584839101803246
-0.30340156543803487,-0.3949978345730531
